{"cameraMode":{"drawMode":0,"name":"Shaded","section":"Shading Mode"},"sceneLighting":true,"audioPlay":false,"sceneViewState":{"m_AlwaysRefresh":false,"showFog":true,"showSkybox":true,"showFlares":true,"showImageEffects":true,"showParticleSystems":true,"showVisualEffectGraphs":true,"m_FxEnabled":true},"in2DMode":false,"pivot":{"x":0.19273920357227326,"y":-11.495891571044922,"z":24.921199798583986},"rotation":{"x":-0.21898244321346284,"y":0.0108443358913064,"z":-0.002306469716131687,"w":-0.9755575060844421},"size":15.29694938659668,"orthographic":false}